module_code,module_version,module_week_beginning,module_length,campus,parent_id
SS555,1,1,24,58,006e5069-03fb-46b6-8934-7f3de92b2ad6
HA507,1,1,12,1,01b4bed3-9efc-4083-b1ae-7a660e80b9a4
LW598,1,13,12,1,029aef7c-adab-4901-a187-4ab71e2d33e1
LW598,1,13,12,58,029aef7c-adab-4901-a187-4ab71e2d33e1
WL814,1,13,12,58,030f4be3-1eb4-440d-8e8c-812e966b0b9a
KE011,1,13,5,1,03123422-c555-410e-805f-bf73dfe1f58c
KE011,1,17,5,58,03123422-c555-410e-805f-bf73dfe1f58c
PL618,1,1,12,1,04ad248d-8c1d-4880-aac0-f5df647fc4c3
PL619,1,1,12,1,04ad248d-8c1d-4880-aac0-f5df647fc4c3
SS345,1,1,24,58,055c585f-3748-4087-a6b1-5a7305d61d9d
LZ019,1,1,24,1,05b35c8a-9e60-43ea-9647-31a1c133d858
LZ034,1,1,24,1,05b35c8a-9e60-43ea-9647-31a1c133d858
SS809,1,1,12,58,06b284fa-8db7-4be9-8103-f33aa0c83fb5
PHAM1005,1,1,24,58,06d2acdc-f217-4b78-81da-49cd86306e33
PHAM1005,2,1,24,58,06d2acdc-f217-4b78-81da-49cd86306e33
LS312,1,13,12,1,06e152e3-3a3f-4e11-99e7-207fab9b022d
LS313,1,1,12,1,06e152e3-3a3f-4e11-99e7-207fab9b022d
HA671,1,1,12,1,08b35ad2-115e-489a-a9b6-814ff34f6c16
HA575,1,1,12,1,08b35ad2-115e-489a-a9b6-814ff34f6c16
WL903,1,13,12,1,090781fd-645f-4337-b18d-470ec9021770
WL903,1,25,12,1,090781fd-645f-4337-b18d-470ec9021770
LZ003,2,1,24,1,095bb176-a740-4b36-8db7-917bf7be3a71
LZ029,1,1,12,1,095bb176-a740-4b36-8db7-917bf7be3a71
EW122,2,13,26,1,0ab2150e-7093-47ff-8169-5f06ad8d030d
EW124,2,4,34,1,0ab2150e-7093-47ff-8169-5f06ad8d030d
EW123,2,4,8,1,0ab2150e-7093-47ff-8169-5f06ad8d030d
HI5091,1,13,12,1,0ab71338-abb7-4050-b64d-2806dc51e9d8
HI5090,1,13,12,1,0ab71338-abb7-4050-b64d-2806dc51e9d8
PL594,1,13,12,1,0b45b5de-4efe-4015-b0ea-8a83377617c6
CL638,2,1,12,1,0b693f12-f4c7-4286-8d23-daef2dacb5f1
CL640,1,1,12,1,0b693f12-f4c7-4286-8d23-daef2dacb5f1
TH558,1,1,12,1,0ba5881c-7bc5-46ef-b9bc-6b45bbdeea53
TH608,1,1,12,1,0ba5881c-7bc5-46ef-b9bc-6b45bbdeea53
LW624,1,1,12,1,0d55afcf-cc27-473d-bfef-2b0e2f943676
LW624,1,1,12,58,0d55afcf-cc27-473d-bfef-2b0e2f943676
HI5092,1,1,12,1,0e01472b-cbf8-400b-99df-084f7ff433ec
HI5093,1,1,12,1,0e01472b-cbf8-400b-99df-084f7ff433ec
MA516,1,1,12,1,0e47909c-34aa-41db-bc7c-af407cc1e63d
MA816,1,1,12,1,0e47909c-34aa-41db-bc7c-af407cc1e63d
LW885,1,13,12,1,0f01d380-ff92-442f-a4fb-49a9c5c10e7f
TH627,1,1,12,1,0facd599-dcb1-44a0-a528-79ac189f49d2
TH628,1,1,24,1,0facd599-dcb1-44a0-a528-79ac189f49d2
TH629,1,1,24,1,0facd599-dcb1-44a0-a528-79ac189f49d2
TH626,1,1,12,1,0facd599-dcb1-44a0-a528-79ac189f49d2
"AR599 (2013/2014) SPR",1,13,24,1,10307e25-d1f3-4852-a69a-5a094fb0b564
SE840,2,13,12,1,10950a83-d302-4464-beaf-c9ae079d3d97
TH621,1,13,12,1,10bc766f-c003-4190-b38e-01c91448da58
TH620,1,13,12,1,10bc766f-c003-4190-b38e-01c91448da58
CL677,1,1,6,1,1289d56a-1efa-4c91-87e9-3290d758868d
TZ861,1,1,24,1,12afead9-bc2b-4920-8ae9-2dc871b1e65c
TZ861,2,1,24,1,12afead9-bc2b-4920-8ae9-2dc871b1e65c
CP644,1,13,12,1,1349e37c-8438-44bb-b98c-a1d3a86969fe
EC559,2,1,24,1,13db530e-2d89-4164-994a-98a17a1c476c
SS804,3,13,12,58,1456cd66-c4e4-4c64-8158-a97c00a4bf76
PO618,1,1,12,1,14ea2270-b0b4-47e3-b7a9-9911e4faf67c
SO537,3,13,12,1,162cad0f-50ca-4765-94ee-a74331fe63fc
CL349,1,1,24,1,163e2574-ff39-42e0-bc2c-603776393652
CL311,1,1,24,1,163e2574-ff39-42e0-bc2c-603776393652
ED001,2,1,12,1,18742ef2-1473-493f-8b8d-6c37538c069b
ED001,2,13,12,1,18742ef2-1473-493f-8b8d-6c37538c069b
ED001,2,1,12,58,18742ef2-1473-493f-8b8d-6c37538c069b
ED001,2,13,12,58,18742ef2-1473-493f-8b8d-6c37538c069b
LS547,1,1,24,1,18bcf1fa-4ada-47cd-a417-578497f1e114
LS506,2,1,24,1,18bcf1fa-4ada-47cd-a417-578497f1e114
GE500,1,1,24,1,1baa8dda-8541-49ef-b18e-8cf5aed68fbd
GE562,1,1,12,1,1baa8dda-8541-49ef-b18e-8cf5aed68fbd
LW593,1,1,12,1,1c9208f7-6464-495f-9479-03dbf1a6c00f
LW593,1,1,12,58,1c9208f7-6464-495f-9479-03dbf1a6c00f
SO939,1,1,12,58,1c9b4e67-70a9-4784-854d-4d7e16cb6668
SO939,1,13,12,58,1c9b4e67-70a9-4784-854d-4d7e16cb6668
SO939,1,25,12,58,1c9b4e67-70a9-4784-854d-4d7e16cb6668
SS573,1,13,12,58,1cdd0b55-b213-488e-836f-9e0b5292b0f9
SE805,2,13,12,1,1e6afc54-3373-4902-a569-6779f6c8a008
SE597,1,13,12,1,1e6afc54-3373-4902-a569-6779f6c8a008
SO618,1,13,12,58,1eb53ca1-af56-4c23-af84-886b2ec6390b
HI5063,1,1,24,1,1f06a3e2-0f14-4634-93f4-17c59d279f26
HI5064,1,1,24,1,1f06a3e2-0f14-4634-93f4-17c59d279f26
LW316,1,13,12,1,1f4b0d20-3993-4d87-ad23-576767c1dc68
LW316,1,13,12,58,1f4b0d20-3993-4d87-ad23-576767c1dc68
LS316,2,1,12,1,201c7706-4887-495f-9a34-e7d464ddce96
LS565,1,1,12,1,201c7706-4887-495f-9a34-e7d464ddce96
SS533,1,1,24,58,20befcbd-56b4-4ba4-8d55-4ae3249e1362
"CP530 (2013/2014)",1,13,12,11,21221be4-ff6f-4fc5-a551-8f3acb1079e0
"CP530 (2013/2014) CAN",1,13,12,1,21221be4-ff6f-4fc5-a551-8f3acb1079e0
PL630,1,13,12,1,2194374d-ba87-432b-a125-a8a49ed10c77
PL631,1,13,12,1,2194374d-ba87-432b-a125-a8a49ed10c77
HI6003,1,1,24,1,21e7401f-e0a6-47e2-be35-11807a12f1b8
HI5086,2,1,24,1,21e7401f-e0a6-47e2-be35-11807a12f1b8
HI5067,1,13,12,1,22fc0fea-05e1-43ad-bbe9-fea62dd0eee7
HI5068,1,13,12,1,22fc0fea-05e1-43ad-bbe9-fea62dd0eee7
LS300,2,1,24,1,233701d1-14b4-44c2-8f10-353354f597e6
HA650,1,13,12,1,23eea5e5-e123-4bf4-b029-9ea3d5750eaf
HA551,1,13,12,1,23eea5e5-e123-4bf4-b029-9ea3d5750eaf
PL316,1,1,12,1,2436a5b8-1fc8-47d1-9bd3-7c0266b80f6e
PL315,2,1,12,1,2436a5b8-1fc8-47d1-9bd3-7c0266b80f6e
LA302,3,1,12,1,244b0ef8-6cb5-4dd3-b324-43ffd060b88a
SS349,1,1,12,58,246ff38a-8325-4dc0-b988-f6c9fff494b4
HI611,1,1,12,1,25124ade-5893-4558-93f4-73e1faf8902e
LW607,2,1,12,1,2572e0c6-0503-4946-9aa0-604a38da1138
LW610,1,1,12,1,26987c62-9daf-4ae4-90c9-16ec76aae345
LW610,1,1,12,58,26987c62-9daf-4ae4-90c9-16ec76aae345
SS347,2,1,24,58,27105909-fc8f-438c-98bb-9c909ae42a99
FI559,1,1,12,1,27b44365-0c49-4a15-a6e6-b2913f9b090f
"FI603 (2013/2014)",1,1,12,1,27b44365-0c49-4a15-a6e6-b2913f9b090f
PL629,1,1,12,1,27e097e1-f41e-4bbc-b252-cfe1e6a85ff7
PL628,1,1,12,1,27e097e1-f41e-4bbc-b252-cfe1e6a85ff7
PO656,1,13,12,1,2892cc61-ec37-438b-8cf3-854d9dea6909
CB942,1,3,2,1,28d24354-ffba-49d2-a674-6100ae327486
PS780,1,25,24,1,29095374-e2fb-4431-b20f-bc478e0ec213
FI582,1,13,12,1,29a8ac40-a0b3-4f14-bfcd-5760a750b35a
"FI611 (2013/2014)",1,13,12,1,29a8ac40-a0b3-4f14-bfcd-5760a750b35a
SS344,1,1,12,58,2b1f4416-0494-4fc3-ac21-5c8659f98cf4
HI5031,1,13,12,1,2b70b65e-850a-4cfa-8607-0bb010cc4fea
HI5032,1,13,12,1,2b70b65e-850a-4cfa-8607-0bb010cc4fea
HI699,2,1,24,1,2b785bc3-b3da-460e-b81d-6a4a1acafe4d
HI700,2,1,24,1,2b785bc3-b3da-460e-b81d-6a4a1acafe4d
LZ046,1,13,30,1,2bbfed6e-6f1d-4e53-9391-03773f57f9aa
LZ044,1,1,30,1,2bbfed6e-6f1d-4e53-9391-03773f57f9aa
PH507,1,13,24,1,2c4e82f4-73d5-436f-91ac-8729f628f552
SS527,1,13,12,58,2d13d793-fae1-43f1-b135-a28a32bb51e5
WL830,1,1,30,58,2d5dfbab-7168-4dc8-b3b5-f3120f0e7fc7
WL830,1,13,30,58,2d5dfbab-7168-4dc8-b3b5-f3120f0e7fc7
PHAM1103,1,13,12,58,2e279ef4-bfa1-4332-ae54-a57ea04316fd
PHAM1103,1,1,12,58,2e279ef4-bfa1-4332-ae54-a57ea04316fd
PHAM1103,1,3,12,58,2e279ef4-bfa1-4332-ae54-a57ea04316fd
PHAM1103,1,25,12,58,2e279ef4-bfa1-4332-ae54-a57ea04316fd
LZ002,3,1,24,1,2e2ccdf5-2df9-4141-868b-ca5988ae76b5
BI321,1,1,24,1,2efc94c0-191b-49e6-8e48-017e6ead6bc3
BI322,1,1,24,1,2efc94c0-191b-49e6-8e48-017e6ead6bc3
BI3210,1,1,24,1,2efc94c0-191b-49e6-8e48-017e6ead6bc3
BI3220,1,1,24,1,2efc94c0-191b-49e6-8e48-017e6ead6bc3
SS820,1,1,12,58,2f1c8eb1-27a0-41bc-8095-591b28ae0d75
FI583,1,13,12,1,2f7e4490-5c87-4b48-8db2-f17e103d90db
"FI614 (2013/2014)",1,13,12,1,2f7e4490-5c87-4b48-8db2-f17e103d90db
PO814,1,1,12,5,2fd99e43-213a-41eb-b57c-73fa5d9d461f
PS381,1,1,24,1,30081349-bbd1-4a49-8674-269a3ecfdfe1
CH382,1,1,24,1,30081349-bbd1-4a49-8674-269a3ecfdfe1
EN637,2,13,12,1,3026a906-4783-4e6e-a2ee-62a0055c4a37
LS319,1,1,12,1,302bf319-d957-4712-88ec-27f98f57cb38
TZ830,1,1,24,1,313a2c95-dd52-4e06-a4fc-5cb5e1538d47
TZ830,2,1,24,1,313a2c95-dd52-4e06-a4fc-5cb5e1538d47
AC520,1,1,24,58,31e6420b-03a9-4b4b-917a-d2999928b487
AC520,1,1,24,1,31e6420b-03a9-4b4b-917a-d2999928b487
KI516,1,1,24,1,329cafc9-f4d2-4206-9718-c23765d56ae6
"HA556 (2013/2014)",1,13,12,1,32cf97f2-8074-463f-b5d5-f0510497257a
HA661,1,13,12,1,32cf97f2-8074-463f-b5d5-f0510497257a
HI6011,1,13,12,1,32fecbd0-8245-4662-83d7-14c8e2e741c8
HI6012,1,13,12,1,32fecbd0-8245-4662-83d7-14c8e2e741c8
LL516,1,1,12,1,337c7cac-100f-41e4-990b-c3fcb279f64f
"LL517 (2013/2014)",1,1,12,1,337c7cac-100f-41e4-990b-c3fcb279f64f
HI761,1,13,12,1,34b529bf-1bde-4b95-bed6-2edf2e035b8c
HI762,1,13,12,1,34b529bf-1bde-4b95-bed6-2edf2e035b8c
LS302,2,1,24,1,34b9a1d8-dd4d-4516-a7f9-77b1e0bdf21b
SS570,1,1,12,58,34f2eb2b-7cc4-4d81-a48b-f9925b219ece
TZ867,1,1,12,1,366bcfda-5e18-4151-968a-822c589decca
HA679,1,1,12,1,367673ec-6792-44e6-a5b9-403af3278b42
HA554,2,1,12,1,367673ec-6792-44e6-a5b9-403af3278b42
SO832,2,13,12,1,367b2f8e-f2a8-4c7a-a6b0-a39e38a9c6d7
FI531,1,13,12,1,36b781c3-f8f4-4759-80eb-bc409d16945d
"FI613 (2013/2014)",1,13,12,1,36b781c3-f8f4-4759-80eb-bc409d16945d
PL514,1,1,24,1,37dd5dd5-8524-47db-96e8-6e2a58e41ddc
PL584,1,1,24,1,37dd5dd5-8524-47db-96e8-6e2a58e41ddc
"EN672 (2013/2014)",1,13,12,1,38a3d503-ce4e-4378-825e-49401ec7f735
"EN673 (2013/2014)",1,13,12,1,38a3d503-ce4e-4378-825e-49401ec7f735
MA525,1,1,12,1,392e9267-7212-44f8-b02d-40f99d4ea9d6
MA825,1,1,12,1,392e9267-7212-44f8-b02d-40f99d4ea9d6
TH570,1,1,12,1,39ab2639-c881-4e6b-ac2c-1ab4c8a998d8
TH574,1,1,12,1,39ab2639-c881-4e6b-ac2c-1ab4c8a998d8
PHAM1109,1,1,12,58,3a634aa2-d4c7-4f8b-86d6-103ab71e381b
PHAM1109,1,25,12,58,3a634aa2-d4c7-4f8b-86d6-103ab71e381b
LW519,1,1,24,1,3b0fab70-234f-40cc-9177-6560c5771278
LW519,1,1,24,58,3b0fab70-234f-40cc-9177-6560c5771278
PO658,1,13,12,1,3b5d56eb-3505-4689-8b53-b939b6e7471c
CO534,1,1,12,1,3bb6be41-b49e-487a-b54c-b74c67071e27
CO534,1,1,12,58,3bb6be41-b49e-487a-b54c-b74c67071e27
HI5021,2,1,12,1,3c329c7d-b51d-4e77-9c5d-cd4656875781
HI5022,2,1,12,1,3c329c7d-b51d-4e77-9c5d-cd4656875781
DI892,1,1,12,1,3cca3a2f-3886-4d1b-badc-c69b632c5da1
PHAM1104,1,1,12,58,3d83aff1-a7f3-4eee-ab1d-4e2292ec5c65
PHAM1104,1,13,12,58,3d83aff1-a7f3-4eee-ab1d-4e2292ec5c65
PHAM1104,1,3,12,58,3d83aff1-a7f3-4eee-ab1d-4e2292ec5c65
PHAM1104,1,25,12,58,3d83aff1-a7f3-4eee-ab1d-4e2292ec5c65
WL815,1,1,12,58,3da7887c-aa29-4f4a-80da-57c3af10849a
SO666,1,20,7,58,3e0a6246-2aaa-4dd0-a1db-97dcfdc0efc7
JN303,1,13,24,58,3f2ab6b0-a21b-47b2-97bf-05f8cab71517
JN303,1,1,24,58,3f2ab6b0-a21b-47b2-97bf-05f8cab71517
PHAM1054,3,1,24,58,3f95df54-ae54-4ec1-aa02-52b9f711a388
PHAM1054,4,1,24,58,3f95df54-ae54-4ec1-aa02-52b9f711a388
LS555,1,13,12,1,42630f4c-2000-452a-b330-bed3b01d97f4
LS556,1,13,12,1,42630f4c-2000-452a-b330-bed3b01d97f4
SO667,1,20,6,58,4432dd24-5e60-452d-ba82-fa4f8b1a5726
PL620,1,13,12,1,44a71aba-6763-4fe1-90cf-ae6acf5dcd1c
PL621,1,13,12,1,44a71aba-6763-4fe1-90cf-ae6acf5dcd1c
SE554,1,1,12,1,44c6dc3d-102e-4f96-b02b-329504e403a3
KI520,1,1,24,1,45cc0388-2bbc-4f83-b611-41ea5b39677a
"TH578 (2013/2014)",1,1,12,1,45e6c9b4-fdfa-4ea2-abc5-fd6d95d85983
TH600,1,1,12,1,45e6c9b4-fdfa-4ea2-abc5-fd6d95d85983
SO896,2,1,12,58,46800927-3dc8-4ba8-bb72-7de2f83fb646
SS806,1,1,30,58,469bc3ab-7228-44d7-84fe-38f1db2e3566
LW988,1,1,24,5,4852ad77-8456-4db9-93fe-7ff841d27e20
PO997,1,1,24,5,4852ad77-8456-4db9-93fe-7ff841d27e20
PL572,1,1,12,1,495deb40-e3d2-4a4c-a9c8-a358d83f0d0e
PL598,1,1,12,1,495deb40-e3d2-4a4c-a9c8-a358d83f0d0e
HI6004,1,1,24,1,4ad87958-708a-4a17-898b-daea6293ce7d
HI6008,1,1,24,1,4ad87958-708a-4a17-898b-daea6293ce7d
BI514,1,13,24,1,4b46fbe0-5f1c-4be4-96fd-d94478b46d46
CL647,1,1,24,1,4bb778ce-726c-4767-909c-dd796f7b2904
CL657,1,1,12,1,4bb778ce-726c-4767-909c-dd796f7b2904
SS503,1,1,24,58,4c010c2d-b8cf-4645-afdd-3f8c86fa469a
LW508,1,1,24,1,4ca80f44-5fc2-4841-88d7-17133372859c
LW508,1,1,24,58,4ca80f44-5fc2-4841-88d7-17133372859c
PL579,1,1,12,1,4dc9874c-f06c-4f94-b90a-52039eb95c95
PL605,1,1,12,1,4dc9874c-f06c-4f94-b90a-52039eb95c95
LW613,1,1,24,58,4e0f9c39-2a35-464c-8027-abc35f495954
BI307,1,13,24,1,5144f747-343b-4d12-aae3-f74a2cbe94f6
DI522,2,1,24,1,52852d47-f01d-46f7-b172-8ac78e1f2465
CP641,1,13,12,1,530c51d4-bb2a-4bbc-b333-f9b9b0a90194
LW599,1,1,12,1,5363fad8-27c4-450b-a12e-7ccce80d2ebc
LW599,1,1,12,58,5363fad8-27c4-450b-a12e-7ccce80d2ebc
EN689,1,1,12,1,537e76c1-8147-4a98-a6d3-3f71f4120eb4
EN690,1,1,12,1,537e76c1-8147-4a98-a6d3-3f71f4120eb4
SS350,1,13,12,58,5482bf94-2745-4a9b-92f0-3ad1edc93302
EL636,2,1,24,1,54c373e6-60ce-49c9-b7bd-ec93f495cc29
SS559,1,1,12,58,560c8b6e-19d8-4806-ac1a-220fd8a4f88e
HI5069,2,1,24,1,56a55b1e-af7e-4d77-b221-7a06bb9d2fb9
HI5070,2,1,24,1,56a55b1e-af7e-4d77-b221-7a06bb9d2fb9
LA505,2,13,12,1,56f84b62-911d-456c-bf0e-199998459768
LZ336,1,1,12,1,575206fa-20a2-4472-b365-6b35d99dfb75
BI548,1,1,24,1,588564cb-9d4e-44e9-8f1b-4f8c669220c7
ED004,1,1,12,1,5a744915-136d-48dc-ac6b-43198451e0bd
ED004,1,13,12,1,5a744915-136d-48dc-ac6b-43198451e0bd
ED004,1,1,12,58,5a744915-136d-48dc-ac6b-43198451e0bd
ED004,1,13,12,58,5a744915-136d-48dc-ac6b-43198451e0bd
CB311,2,1,12,1,5ca3a9fd-c0cf-4f16-9b1a-619529d61a05
TH553,1,13,12,1,5d33cef3-2178-433e-904d-808990a99a7a
TH598,1,13,12,1,5d33cef3-2178-433e-904d-808990a99a7a
SS560,1,1,24,58,5dcc72d8-0bf1-4765-9cfc-49e1093e9513
PL303,1,13,12,1,5dee01aa-a07e-4809-9bbd-ea32be288c19
PL313,1,13,12,1,5dee01aa-a07e-4809-9bbd-ea32be288c19
TH630,1,1,12,1,5eaca16a-1fb8-4289-ac88-b2121943d5aa
TH631,1,1,12,1,5eaca16a-1fb8-4289-ac88-b2121943d5aa
TH632,1,1,24,1,5eaca16a-1fb8-4289-ac88-b2121943d5aa
TH633,1,1,24,1,5eaca16a-1fb8-4289-ac88-b2121943d5aa
SO920,2,1,12,58,5ee0414b-4709-44a7-84f9-bd05b8d72fb3
GE516,1,1,24,1,5eeacd0c-a363-46c4-bef8-510d12747756
GE301,2,1,24,1,5eeacd0c-a363-46c4-bef8-510d12747756
SS803,2,1,24,58,5fc3753d-43d6-4eb2-bc82-3e7bdb800a72
HI6006,1,13,12,1,634637a0-7ce9-4b5b-973a-90a478d149af
HI6005,1,13,12,1,634637a0-7ce9-4b5b-973a-90a478d149af
FI595,1,1,12,1,6359efa5-01cd-409f-aeb0-8bb00e2d4c70
FI615,1,1,12,1,6359efa5-01cd-409f-aeb0-8bb00e2d4c70
EW125,1,2,11,1,638ce878-665b-4bd8-b96f-4d58f4dafd9a
"EW125 (2013/2014)",1,14,11,1,638ce878-665b-4bd8-b96f-4d58f4dafd9a
HI5041,1,1,12,1,644da230-b691-45a1-86c1-03209ee30fb9
HI5042,1,1,12,1,644da230-b691-45a1-86c1-03209ee30fb9
SS534,1,1,24,58,64a17081-e866-4b69-8049-da2c04786cc6
FI555,1,13,12,1,64cda79a-d829-4d54-a7ed-27fe5662a514
FI618,1,13,12,1,64cda79a-d829-4d54-a7ed-27fe5662a514
SS567,1,1,24,58,66d60db9-3d50-4c2c-bb8e-de3c730000b6
SS572,1,1,12,58,66d60db9-3d50-4c2c-bb8e-de3c730000b6
TZ866,1,1,12,1,6746a53b-0d7f-49d2-906a-8d7bdc682abe
FI594,1,1,12,1,68997a11-e837-45be-83c8-3a4c80eb4fbe
FI608,1,1,12,1,68997a11-e837-45be-83c8-3a4c80eb4fbe
EL566,2,1,24,1,6956f25e-d5a4-4750-af47-a442507af9a9
PH513,1,13,24,1,69953fde-7d8e-43e5-8ad3-98f6e28962ea
CO320,1,1,12,1,6a7d11b6-61b3-4a76-890c-bfd12c768e0a
HI766,1,13,12,1,6c7a60b6-4830-48d5-a004-34a2fd16bd9e
HI765,1,13,12,1,6c7a60b6-4830-48d5-a004-34a2fd16bd9e
HI5028,1,13,12,1,6cb29b20-5e09-4dda-b028-229aa2020148
HI5029,1,13,12,1,6cb29b20-5e09-4dda-b028-229aa2020148
CO639,2,13,12,1,6e2f5964-ae8a-4f3f-ad33-80b5fbbe726b
CO639,2,13,12,58,6e2f5964-ae8a-4f3f-ad33-80b5fbbe726b
PO566,1,1,12,1,6e56ac03-c59c-4621-9080-46a4af97ad68
LW313,1,1,24,1,6eb8befa-c392-4f46-8378-9f6b0508afd9
LW313,1,1,24,58,6eb8befa-c392-4f46-8378-9f6b0508afd9
WL831,1,1,12,58,6f655cc8-55a6-4f81-9687-bb6ba8542135
WL831,1,25,12,58,6f655cc8-55a6-4f81-9687-bb6ba8542135
LZ035,1,13,12,1,7024b0e6-3529-4f31-a025-3db69d6b946e
PH711,1,13,24,1,70fcb131-e945-4831-8872-8130207b6679
SS530,1,1,12,58,71fd2a12-f18f-48cd-899d-55447bdeac65
SS801,2,1,12,58,72b8cc64-633a-4775-8181-e0cd606985fa
CL626,1,1,24,1,739accd8-3ed8-4150-8748-814d878bdedc
CL649,1,1,24,1,739accd8-3ed8-4150-8748-814d878bdedc
DI884,2,1,12,1,74d999b1-812d-4e4d-8e07-a314ad3875c2
PL569,1,13,12,1,754e1b1b-c519-4cca-afed-68bf76a3f740
PL595,1,13,12,1,754e1b1b-c519-4cca-afed-68bf76a3f740
WL817,1,13,12,58,76b4eb00-d4e1-48d1-8798-ebed1eeb3240
PO834,1,13,12,5,773f382c-1529-49d7-a2b9-bd476c884f5d
FI602,1,1,12,1,77c0d388-0f7f-4642-9992-00fefc2ee487
FI501,1,1,12,1,77c0d388-0f7f-4642-9992-00fefc2ee487
"MU520 (2013/2014)",1,1,24,58,7a223d93-8800-4aad-9913-dc31c6a4a06e
"MU526 (2013/2014) (2013/2014)",1,1,24,58,7a223d93-8800-4aad-9913-dc31c6a4a06e
PL609,2,13,12,1,7b092cdb-37fc-475f-9ea0-9226d1d8392f
PL583,2,13,12,1,7b092cdb-37fc-475f-9ea0-9226d1d8392f
LZ018,1,1,24,1,7b47da31-ed0d-4ad4-8f2f-858eb81bfc13
LZ033,1,1,12,1,7b47da31-ed0d-4ad4-8f2f-858eb81bfc13
"MU515 (2013/2014) MFA",1,1,30,58,7bc001dd-1a0d-4c00-abe9-24cc3f9d31f8
MU516,1,1,24,58,7bc001dd-1a0d-4c00-abe9-24cc3f9d31f8
PL599,1,1,12,1,7c27f30d-3cfa-44b3-b2d4-5a22cddbee3a
PL573,1,1,12,1,7c27f30d-3cfa-44b3-b2d4-5a22cddbee3a
HI763,1,1,12,1,7c59eb2f-4b85-42a4-8904-6203d6a9f94e
HI764,1,1,12,1,7c59eb2f-4b85-42a4-8904-6203d6a9f94e
HZ544,1,1,12,53,7d663959-de32-4cc4-a821-c8b5a1517d7c
HZ544,1,13,12,53,7d663959-de32-4cc4-a821-c8b5a1517d7c
PO949,1,1,12,5,7e0f98aa-f2e9-46e3-87d4-7eb8e170515e
HA898,1,25,12,1,7e1ed8b4-cdfc-468d-87d6-ee8748a9fb86
HA898,2,25,12,1,7e1ed8b4-cdfc-468d-87d6-ee8748a9fb86
HI5035,1,1,12,1,7f5b6672-a2bd-43e4-8bc3-9e75acdc9049
HI5036,1,1,12,1,7f5b6672-a2bd-43e4-8bc3-9e75acdc9049
KE035,1,21,3,1,7f604c09-e1fb-43e9-bdd3-c509397ccab5
KE036,1,25,1,1,7f604c09-e1fb-43e9-bdd3-c509397ccab5
KE037,1,26,1,1,7f604c09-e1fb-43e9-bdd3-c509397ccab5
KE038,1,28,1,1,7f604c09-e1fb-43e9-bdd3-c509397ccab5
EL878,1,1,24,1,80464046-ccf3-41fa-a742-7968bb5c3cf4
EL885,1,13,12,1,80464046-ccf3-41fa-a742-7968bb5c3cf4
MA639,2,13,12,1,808b2220-665c-4bcc-8431-33a8e7de6b37
HA354,1,1,12,1,81d700ae-d452-4025-9e89-7c69b1d5b19e
"HA355 (2013/2014)",1,1,12,1,81d700ae-d452-4025-9e89-7c69b1d5b19e
SS569,1,13,12,58,81f99b98-712c-4b32-9ee4-acfd131dcc0f
LZ012,2,1,24,1,820f9370-c866-4b14-acde-607da4b80914
WL809,1,1,24,1,826769ad-be59-4aca-93be-43fd8c7d9a05
WL809,1,13,24,1,826769ad-be59-4aca-93be-43fd8c7d9a05
CP812,1,1,12,1,8343cb8b-7e2f-4b12-8c90-53dae55a2f0f
LW506,1,1,24,1,834711b0-d7f3-40d5-88f5-cbca07ea6f29
LW506,1,1,24,58,834711b0-d7f3-40d5-88f5-cbca07ea6f29
HA319,2,13,12,1,83ee7bd4-2e9e-477a-803a-9d815c87dd87
HA318,2,13,12,1,83ee7bd4-2e9e-477a-803a-9d815c87dd87
LZ013,3,1,24,1,8422d5d6-ad7d-4110-8d91-af63e0b71297
LA305,2,13,12,1,842a3090-7fbc-4baa-b048-b839aa45f6be
IT563,3,1,24,1,84742b53-a593-402d-8c1d-52a0fca02aa1
LW518,1,1,24,1,849f20c3-c36b-4d71-a4f8-3a647400fa29
LW518,1,1,24,58,849f20c3-c36b-4d71-a4f8-3a647400fa29
SO927,2,13,12,1,84ce9367-073d-4081-b24e-11fa7658aaed
SS562,1,1,24,58,85f5035b-53c8-4278-810d-bdf9e8d48366
SS571,1,1,12,58,8647124c-0896-4418-807a-f058f7abec73
HM815,1,1,12,115,868296c7-055f-4057-af30-3b393ea8604a
HM815,1,13,12,115,868296c7-055f-4057-af30-3b393ea8604a
SS338,1,1,24,58,87176d84-01ed-406d-8bc9-ff4e2513e4e8
SS313,2,13,12,58,87732e4e-474f-45bd-bc66-c8bf3dff68e1
LZ001,2,1,24,1,88dca594-edcf-4430-84b8-e023f8e6e2b3
CL670,1,1,12,1,898eaf26-6d90-4162-b8ce-ec192e8126ca
CL585,1,1,12,1,898eaf26-6d90-4162-b8ce-ec192e8126ca
HI6013,1,1,12,1,89a7a3f9-066e-4fb8-8007-188aba3c1f66
HI6014,1,1,12,1,89a7a3f9-066e-4fb8-8007-188aba3c1f66
DI518,3,1,12,1,8a744dbb-c865-4c7b-8076-868afa61e212
TH618,1,13,12,1,8a8a8315-7f03-46de-b01b-1e33b22b78eb
TH617,1,13,12,1,8a8a8315-7f03-46de-b01b-1e33b22b78eb
SS822,1,1,12,58,8afb1df5-4fcf-4e03-a7c8-1adef34efd89
SS805,2,1,12,58,8c3d210e-fa47-43e3-9d80-302b8c3831d7
SS805,2,13,12,58,8c3d210e-fa47-43e3-9d80-302b8c3831d7
HI416,3,1,12,1,8d471e16-3419-4476-9f83-a7dab131aaa7
"EN677 (2013/2014)",1,13,12,1,8d6953ae-61af-47e7-8eb5-d51b2225fdde
"EN678 (2013/2014)",1,13,12,1,8d6953ae-61af-47e7-8eb5-d51b2225fdde
WL832,1,1,24,58,8e57f1ac-0fef-45d0-91b3-4a581b9a11fb
WL832,1,13,24,58,8e57f1ac-0fef-45d0-91b3-4a581b9a11fb
"FI568 (2013/2014)",1,13,12,1,8e819114-1c8c-47d1-a6ca-85b75db8a237
"FI612 (2013/2014)",1,13,12,1,8e819114-1c8c-47d1-a6ca-85b75db8a237
LW622,1,13,12,1,8ed16ab2-ff4a-48b8-9c51-d0c440030502
LW622,1,13,12,58,8ed16ab2-ff4a-48b8-9c51-d0c440030502
TZ862,1,1,24,1,8f516027-c838-4a7e-8605-b06321d08cbb
TZ862,2,1,24,1,8f516027-c838-4a7e-8605-b06321d08cbb
SS563,1,13,12,58,8fba2c09-fa71-4036-a04d-2be161ec3bb7
HA314,1,13,12,1,903a9290-1cec-4b88-97ee-96987e814787
HA315,1,13,12,1,903a9290-1cec-4b88-97ee-96987e814787
PH607,1,13,24,1,912d710f-3cb5-4462-b857-475711c44a1b
HA648,1,1,12,1,9170c65f-8d52-4405-bca6-7617f2e37fa7
HA666,1,1,12,1,9170c65f-8d52-4405-bca6-7617f2e37fa7
HI5039,1,1,24,1,91ca8dff-15c1-45b5-86b5-834c28aa6f72
HI5040,1,1,24,1,91ca8dff-15c1-45b5-86b5-834c28aa6f72
HI605,1,13,12,1,923e36ab-336b-4124-b5cd-fc6a051c1a68
HI605,1,13,12,11,923e36ab-336b-4124-b5cd-fc6a051c1a68
PL300,2,1,12,1,93ce35e8-8a13-403e-ab2b-5bd88f4da939
PHAM1101,1,1,12,58,945a5c25-5a2f-4a42-afdb-ed6dae1d3ccb
PHAM1101,1,13,12,58,945a5c25-5a2f-4a42-afdb-ed6dae1d3ccb
PHAM1101,1,25,12,58,945a5c25-5a2f-4a42-afdb-ed6dae1d3ccb
PHAM1101,1,3,12,58,945a5c25-5a2f-4a42-afdb-ed6dae1d3ccb
HA670,1,13,12,1,94832beb-1b0e-4711-b0f3-23df249c4e6b
HA669,1,13,12,1,94832beb-1b0e-4711-b0f3-23df249c4e6b
PL302,1,1,12,1,9491a4cf-07de-4036-8113-5e08166a7b4f
PL312,1,1,12,1,9491a4cf-07de-4036-8113-5e08166a7b4f
CO322,1,1,12,1,958441d7-db5d-4229-b72e-01b925f9e37a
CO322,1,1,12,58,958441d7-db5d-4229-b72e-01b925f9e37a
HI742,1,1,12,1,97764b4e-dae1-4307-a4be-2dbd8ebee975
HI747,1,1,12,1,97764b4e-dae1-4307-a4be-2dbd8ebee975
HI5010,1,1,24,1,979e3ae5-2b97-47be-acb5-7d0dd6ed865e
HI5011,1,1,24,1,979e3ae5-2b97-47be-acb5-7d0dd6ed865e
SS821,1,1,12,58,98e45f12-9980-46a7-900f-d5a3e6975297
HI5089,1,1,24,1,9a18460b-de28-4cca-af05-0ff6ebc9b4fb
HI5098,1,1,24,1,9a18460b-de28-4cca-af05-0ff6ebc9b4fb
"CL666 (2013/2014)",1,13,12,1,9b729955-46a7-4649-b9e0-fcc596da0e2f
"CL590 (2013/2014)",1,13,12,1,9b729955-46a7-4649-b9e0-fcc596da0e2f
CB9035,2,13,12,1,9d39db11-57b2-4967-82ee-616c5d7f7c30
HA824,1,1,24,1,9d5864d0-b282-4444-b3e1-39b76779f750
SO673,1,1,12,58,9df8bb3f-49aa-48e4-b3fa-03d620d7da45
SO673,2,1,12,58,9df8bb3f-49aa-48e4-b3fa-03d620d7da45
HI6001,1,13,12,1,9e12ea4f-e27b-4478-86f0-2b76830ccf32
HI6002,1,13,12,1,9e12ea4f-e27b-4478-86f0-2b76830ccf32
SS565,1,13,12,58,9e2036c0-09f7-4391-9de6-f1dbdcdf9dd3
WL840,1,1,30,58,9e5774fa-19e7-465b-98d0-cb16d07c956b
WL840,1,13,30,58,9e5774fa-19e7-465b-98d0-cb16d07c956b
LS317,2,13,12,1,9f97457a-6ec4-4a9b-a115-c9685a3fc74a
LS566,1,13,12,1,9f97457a-6ec4-4a9b-a115-c9685a3fc74a
"HA668 (2013/2014)",1,1,12,1,9fbdd163-0895-46c0-b493-3af13ca04954
HA676,1,1,12,1,9fbdd163-0895-46c0-b493-3af13ca04954
FI565,1,1,12,1,a026f968-09f8-4b8f-93ad-46a5431b55d3
"FI617 (2013/2014)",1,1,12,1,a026f968-09f8-4b8f-93ad-46a5431b55d3
PHAM1102,1,13,12,58,a0458cb7-6a76-4b77-8f44-e57434350317
PHAM1102,1,30,12,58,a0458cb7-6a76-4b77-8f44-e57434350317
PHAM1102,1,3,12,58,a0458cb7-6a76-4b77-8f44-e57434350317
PHAM1102,1,25,12,58,a0458cb7-6a76-4b77-8f44-e57434350317
LZ038,2,1,30,1,a13aeabb-d0ee-4f8e-b3d9-917379fa534c
SS346,1,1,12,58,a1a4d799-b52a-4352-929f-84d476cf85c6
"MU524 (2013/2014) MFA",1,1,24,58,a1f23c4b-90b2-4b06-b47b-c4c508e0f14c
"MU523 (2013/2014)",1,1,24,58,a1f23c4b-90b2-4b06-b47b-c4c508e0f14c
PL527,1,1,12,1,a1fc7b67-ebf6-4f46-a581-7203d71fac9e
PL585,1,1,12,1,a1fc7b67-ebf6-4f46-a581-7203d71fac9e
MA526,1,1,24,1,a4b3c170-7fdb-4387-8965-e1d3bac42f06
MA726,2,1,24,1,a4b3c170-7fdb-4387-8965-e1d3bac42f06
MA826,1,1,24,1,a4b3c170-7fdb-4387-8965-e1d3bac42f06
LA303,3,13,12,1,a4c3b11b-ccdc-4041-b6ee-2e66bc429b94
ED003,1,1,12,1,a54256a5-25a6-41ec-a881-9cedc437dcb0
ED003,1,13,12,1,a54256a5-25a6-41ec-a881-9cedc437dcb0
ED003,1,1,12,58,a54256a5-25a6-41ec-a881-9cedc437dcb0
ED003,1,13,12,58,a54256a5-25a6-41ec-a881-9cedc437dcb0
PH302,2,13,24,1,a5fae280-5a7d-456c-a7a1-75a1e763bdd0
HI711,1,13,12,1,a6712977-f097-4c39-b461-155e8ea253f9
HI640,1,13,12,1,a6712977-f097-4c39-b461-155e8ea253f9
SS523,1,1,24,58,a6cd7d17-b798-43a6-b38b-9583118df300
"CL685 (2013/2014)",1,13,12,1,a6cda176-b804-49f1-a9a2-fa6591b0a8c9
"CL686 (2013/2014)",1,13,12,1,a6cda176-b804-49f1-a9a2-fa6591b0a8c9
CB682,1,1,12,1,a7663ace-cc84-4ff1-bfc7-7a138dd275f4
CB682,1,1,12,58,a7663ace-cc84-4ff1-bfc7-7a138dd275f4
SS574,1,1,12,58,a7843696-c539-44a4-a482-9becf9374f80
EC820,2,13,12,1,a7d00243-3c51-424f-8f9e-be3ea9c4ff59
TH571,1,13,12,1,a9cdb883-763b-4dcd-b4ba-9ee987146fbf
TH575,1,13,12,1,a9cdb883-763b-4dcd-b4ba-9ee987146fbf
PO925,1,13,12,5,aa64a2f6-b8c3-4e0e-b905-dd74e1bce63e
FI573,1,13,12,1,aab1b486-2e9b-4b8e-abd8-45130eec3296
FI597,1,13,12,1,aab1b486-2e9b-4b8e-abd8-45130eec3296
SS558,1,1,12,58,aac66625-0ae1-445f-95e7-1fb5c9ecb4e8
LW505,1,1,24,1,aae9536b-266f-487e-9d83-37ca72e7f873
LW505,1,1,24,58,aae9536b-266f-487e-9d83-37ca72e7f873
CB605,1,1,24,1,aaf35c0a-fe1f-4262-9a61-3564eb438afa
CB605,1,1,24,58,aaf35c0a-fe1f-4262-9a61-3564eb438afa
JN810,1,1,12,58,ab80c560-d6cc-4d77-a547-96c9c4f18164
JN810,1,13,12,58,ab80c560-d6cc-4d77-a547-96c9c4f18164
LW543,1,1,24,1,abd2e05b-40e9-4b33-be5d-aceebb8c7e49
LW543,1,1,24,58,abd2e05b-40e9-4b33-be5d-aceebb8c7e49
SS800,2,1,12,58,abebac1b-a4ab-4f66-a4be-40b1e52586e8
CB951,2,13,7,1,acc9d009-7547-4a43-8cdc-013f1a389ba2
CP632,1,1,12,11,ad7bb1d2-4773-4772-85d5-954356f5c6d7
"CP632 (2013/2014) CAN",1,1,12,1,ad7bb1d2-4773-4772-85d5-954356f5c6d7
CP633,1,1,12,1,ad7bb1d2-4773-4772-85d5-954356f5c6d7
EW001,1,3,20,1,ae158812-079b-48b2-99ea-1cdeada6d752
FI584,1,13,12,1,ae1da9f3-aa64-40fc-a541-ab4a04558f52
FI599,1,13,12,1,ae1da9f3-aa64-40fc-a541-ab4a04558f52
HA822,1,1,30,1,aed48dc8-be90-4c54-9914-8e1f63bc65df
HA832,1,1,12,1,aed48dc8-be90-4c54-9914-8e1f63bc65df
PHAM1091,1,1,24,58,b00c4d46-e609-422f-b80b-1449e3dd0169
PHAM1091,1,13,24,58,b00c4d46-e609-422f-b80b-1449e3dd0169
SE801,3,1,24,1,b0b0d355-7969-4046-85e8-0f7c671ba0a1
SE596,1,1,12,1,b0b0d355-7969-4046-85e8-0f7c671ba0a1
SO819,2,13,24,1,b0e1e864-dd0e-4040-b846-7f85339f687d
JN508,1,13,12,58,b40193b4-7c0a-420d-b653-3d712a25e4a9
JN808,1,13,12,58,b40193b4-7c0a-420d-b653-3d712a25e4a9
LW588,1,1,24,1,b41011fd-2565-4833-9014-e67144bc8d36
LW588,1,1,24,58,b41011fd-2565-4833-9014-e67144bc8d36
LW315,1,1,12,1,b47774f7-469a-4dd6-9cad-e7d6e8527917
LW315,1,1,12,58,b47774f7-469a-4dd6-9cad-e7d6e8527917
LW592,1,13,12,1,b49d2cbf-57e7-4378-88b9-3c5a40c8539c
LW592,1,13,12,58,b49d2cbf-57e7-4378-88b9-3c5a40c8539c
TH594,1,13,12,1,b5936a3c-085c-422c-b5d6-daba9fbf65f9
TH577,1,13,12,1,b5936a3c-085c-422c-b5d6-daba9fbf65f9
CP646,1,13,12,1,b60ce9e6-0ac8-4d39-8568-e4692d014781
CP647,1,13,12,1,b60ce9e6-0ac8-4d39-8568-e4692d014781
MA539,1,13,12,1,b77bbd60-c6ac-4c1e-9a2e-9b30b78f10e7
MA840,1,13,12,1,b77bbd60-c6ac-4c1e-9a2e-9b30b78f10e7
HI5075,1,1,12,1,b844eec8-7936-49b0-9e50-b9d98ea962a9
HI5076,1,1,12,1,b844eec8-7936-49b0-9e50-b9d98ea962a9
TH623,1,13,12,1,b8fec8bf-ed20-45bd-8100-5f69052dfb5c
TH622,1,13,12,1,b8fec8bf-ed20-45bd-8100-5f69052dfb5c
"PO311 (2013/2014)",1,1,12,1,babe61ba-a52c-42bd-ae54-4e8564df797c
"CL681 (2013/2014)",1,13,12,1,bb924fec-984f-4b41-bbff-2ae647850153
"CL682 (2013/2014)",1,13,12,1,bb924fec-984f-4b41-bbff-2ae647850153
HA316,2,1,12,1,bda14cbc-787f-421f-b1bd-f4b5443e3ed1
HA317,2,1,12,1,bda14cbc-787f-421f-b1bd-f4b5443e3ed1
LS505,2,1,24,1,be6bf875-78a3-4a56-b801-ffb9f193af0a
SP566,2,13,12,1,c08312c8-62bf-44af-af72-2914eb6f2709
PL570,1,13,12,1,c19eecd8-6a2b-4f95-84d9-11c514935f03
PL596,1,13,12,1,c19eecd8-6a2b-4f95-84d9-11c514935f03
TZ863,1,1,24,1,c28398e7-231c-41b4-aaf2-9a66dd8c5e90
TZ863,2,1,24,1,c28398e7-231c-41b4-aaf2-9a66dd8c5e90
CL356,1,1,24,1,c3f97a06-bdb5-4fa3-b825-51af71a9e297
CL310,1,1,24,1,c3f97a06-bdb5-4fa3-b825-51af71a9e297
LW617,1,1,12,1,c4212f86-f0bb-4072-a495-8b0ae4cc7eb1
LW617,1,1,12,58,c4212f86-f0bb-4072-a495-8b0ae4cc7eb1
LZ004,1,1,24,1,c60aeea9-63a1-4deb-bd84-7df2a9fd5ece
LZ030,1,1,12,1,c60aeea9-63a1-4deb-bd84-7df2a9fd5ece
"MU529 (2013/2014)",1,1,24,58,c690ba88-38f7-443b-a179-706caac38e46
"MU530 (2013/2014)",1,1,24,58,c690ba88-38f7-443b-a179-706caac38e46
HI652,1,1,24,1,c72e9aeb-995b-400e-a44f-892a6394f076
HI653,1,1,24,1,c72e9aeb-995b-400e-a44f-892a6394f076
EL858,3,13,12,1,c749bf7c-d289-41ce-9054-53dc76baa90b
FI607,1,1,12,1,c76a6636-0dc9-4cce-9da3-a2bae3293f6f
FI527,1,1,12,1,c76a6636-0dc9-4cce-9da3-a2bae3293f6f
SS564,1,1,12,58,c824d392-1b45-44c4-809b-2298f59ebacb
LZ037,1,1,12,1,c96bbd46-b736-4072-b4fb-1db60fb587fa
PO654,1,1,12,1,ca997f02-c94d-4f95-917d-efcfc252245b
PHAM1108,1,13,12,58,ca99be23-dbf3-4627-b1e9-1ecb80dd1cb3
PHAM1108,1,25,12,58,ca99be23-dbf3-4627-b1e9-1ecb80dd1cb3
"CL644 (2013/2014)",1,1,12,1,cb46a626-89b9-47c9-a0c2-25a2e89bbf3e
"CL619 (2013/2014)",1,1,12,1,cb46a626-89b9-47c9-a0c2-25a2e89bbf3e
HI5003,1,13,12,1,cbb3b86d-e611-427d-8b09-bcf4067dc440
HI5002,1,13,12,1,cbb3b86d-e611-427d-8b09-bcf4067dc440
PH605,1,13,24,1,cbdeed85-e18e-4b04-beeb-878b73b45c1f
EC558,2,1,24,1,cc2065d7-035e-453c-b0a3-1c9f3ee1c966
SO833,3,1,12,1,cd1d8f81-59f4-448b-acc6-cdae667654f1
CB513,2,1,24,1,cd55d228-4b19-4513-90ef-5d62edd6b4de
"CB513 (2013/2014)",2,1,24,58,cd55d228-4b19-4513-90ef-5d62edd6b4de
SS566,1,1,24,58,cda7a38a-4f24-4aa6-901b-fb076bf1d0ac
"CL586 (2013/2014)",1,13,12,1,ce972f54-80cc-4aec-ba12-86d7a66c850e
"CL650 (2013/2014)",1,13,12,1,ce972f54-80cc-4aec-ba12-86d7a66c850e
EN644,1,1,24,1,cea52abc-7385-451a-ac72-c3e087c07005
EN645,1,1,24,1,cea52abc-7385-451a-ac72-c3e087c07005
FI569,2,1,12,1,cf2a3f8d-6ae2-4239-8271-e10d1d1a637b
FI604,1,1,12,1,cf2a3f8d-6ae2-4239-8271-e10d1d1a637b
PS601,1,1,24,1,d02977f2-de77-4e65-9c01-e04eb7169b4e
PHAM1004,1,1,24,58,d0e6e881-a04f-4745-9157-fa82316f239b
PHAM1004,2,1,24,58,d0e6e881-a04f-4745-9157-fa82316f239b
CP513,2,1,24,1,d1528384-6d4f-4042-a417-8c4c91b24ed4
CP513,2,1,24,11,d1528384-6d4f-4042-a417-8c4c91b24ed4
LW810,2,13,12,1,d17c793e-92ba-41f6-8504-c12a9904c8fe
CL679,1,1,12,1,d1ac0ec4-471e-4d09-b3d6-03a6bdb28525
CB545,1,13,12,1,d2ce2cfc-be10-4770-8db4-28659cd52151
MA962,1,13,24,1,d2ddb7a6-16a1-4cbd-bd35-498ae448733f
LZ007,2,1,24,1,d39b5d83-6b53-470d-a06a-05f6b05bfdef
LZ031,1,1,12,1,d39b5d83-6b53-470d-a06a-05f6b05bfdef
EL569,2,1,24,1,d4297fb1-5873-48d0-94a0-bf914e373197
LW611,1,1,12,1,d5aa2ef1-ae82-4aef-82f8-2edd30894985
LW611,1,1,12,58,d5aa2ef1-ae82-4aef-82f8-2edd30894985
HI767,1,13,12,1,d6736dae-1440-49cd-92c5-e46850a4f380
HI768,1,13,12,1,d6736dae-1440-49cd-92c5-e46850a4f380
CL621,1,13,12,1,d684990b-dbef-4a08-8fa8-6d61d4c53904
"CL687 (2013/2014)",1,13,12,1,d684990b-dbef-4a08-8fa8-6d61d4c53904
HI707,1,1,12,1,d832f6e0-e50e-4b19-b92b-8ed520472431
HI737,1,1,12,1,d832f6e0-e50e-4b19-b92b-8ed520472431
CB887,2,16,8,1,d86b6147-aee6-4e22-b452-a8e4fff07592
HA655,2,13,12,1,d8997473-06eb-47a8-aa39-9042c1174124
HA599,1,13,12,1,d8997473-06eb-47a8-aa39-9042c1174124
AC508,1,1,24,1,d8dce770-c9fe-45a7-af0a-5b647268951d
DI880,1,1,12,1,d8efacc2-fc14-43a2-b1d9-5285cd1a9cda
WL816,1,1,12,58,d9e760e2-eb0c-4156-bc82-2af34376a86a
WL816,1,13,12,58,d9e760e2-eb0c-4156-bc82-2af34376a86a
LW509,1,1,24,1,da68b37f-9cdf-426f-92c6-47b48c4f8ec7
LW509,1,1,24,58,da68b37f-9cdf-426f-92c6-47b48c4f8ec7
"MU619 (2013/2014)",1,1,24,58,daf9a0e0-8767-40e3-985f-f228fb0002e8
MU618,1,1,24,58,daf9a0e0-8767-40e3-985f-f228fb0002e8
HI6015,1,13,12,1,dc446300-22f1-4b24-b61d-3fd50f839a75
HI6016,1,13,12,1,dc446300-22f1-4b24-b61d-3fd50f839a75
LA503,3,13,12,1,dee065cb-eede-439f-a5d8-258677034e34
LW597,1,1,24,1,df104b21-ec46-4384-a5f2-3d11a5e50645
LW597,1,1,24,58,df104b21-ec46-4384-a5f2-3d11a5e50645
HI5053,1,13,12,1,df275e70-ff4b-4996-bbe3-af480a07fdec
HI5054,1,13,12,1,df275e70-ff4b-4996-bbe3-af480a07fdec
CO645,1,13,12,1,df52e1bd-a4ce-4821-b898-8945befd3c97
CO645,1,1,12,1,df52e1bd-a4ce-4821-b898-8945befd3c97
CO650,1,1,24,1,df52e1bd-a4ce-4821-b898-8945befd3c97
CO650,1,1,24,58,df52e1bd-a4ce-4821-b898-8945befd3c97
CO645,1,1,12,58,df52e1bd-a4ce-4821-b898-8945befd3c97
CO645,1,13,12,58,df52e1bd-a4ce-4821-b898-8945befd3c97
CO535,1,13,12,58,df52e1bd-a4ce-4821-b898-8945befd3c97
DR895,1,1,24,1,dff31631-a12c-4309-b5bf-348c6b850fd9
DR891,1,1,24,1,dff31631-a12c-4309-b5bf-348c6b850fd9
DR880,1,13,12,1,dff31631-a12c-4309-b5bf-348c6b850fd9
LW520,1,1,24,1,e0b0bbe2-1f3d-4036-80d7-9be37129cf45
LW520,1,1,24,58,e0b0bbe2-1f3d-4036-80d7-9be37129cf45
UN820,1,1,9,1,e1120f32-22b2-4573-ba7f-780ca1f2d2d4
SS802,2,13,12,58,e15cbc6e-9521-40cb-8387-4995efd0c732
PO304,3,13,12,1,e2b6ef72-a379-4b59-9ea4-5437498101e8
CO600,1,1,24,58,e2d0a7ce-eb2f-40d4-bbf4-f2a3780a2848
CO600,1,1,24,1,e2d0a7ce-eb2f-40d4-bbf4-f2a3780a2848
CO620,1,1,24,1,e2d0a7ce-eb2f-40d4-bbf4-f2a3780a2848
SS807,2,1,12,58,e3073ded-eb93-496e-82bf-bce415b47d58
HI540,1,1,24,1,e50ecd74-1072-44a0-8b55-dfac5deba2d0
HI541,1,1,24,1,e50ecd74-1072-44a0-8b55-dfac5deba2d0
"HI530 (2013/2014)",2,1,24,1,e541f090-d89f-419c-bcd6-1c13d7b8ca27
HI531,2,1,24,1,e541f090-d89f-419c-bcd6-1c13d7b8ca27
"CL695 (2013/2014)",1,1,12,1,e54d29c6-eaad-42e4-80ad-e2b396ac2e8b
"CL696 (2013/2014)",1,1,12,1,e54d29c6-eaad-42e4-80ad-e2b396ac2e8b
"MU620 (2013/2014)",1,1,24,58,e6c10974-7e8d-4b16-9a4a-49bf50f5469c
"MU528 (2013/2014)",1,1,24,58,e6c10974-7e8d-4b16-9a4a-49bf50f5469c
PS620,1,1,24,1,e6d88be3-80bd-456b-8604-439e18b6dff6
CH620,1,1,24,1,e6d88be3-80bd-456b-8604-439e18b6dff6
PHAM1056,3,1,24,58,e73048c9-ac7a-4a12-8180-2cf47408bcbf
PHAM1056,4,1,24,58,e73048c9-ac7a-4a12-8180-2cf47408bcbf
ED002,2,1,12,1,e80faffc-79a3-468a-84ae-08ac07163cf7
ED002,2,13,12,1,e80faffc-79a3-468a-84ae-08ac07163cf7
ED002,2,13,12,58,e80faffc-79a3-468a-84ae-08ac07163cf7
ED002,2,1,12,58,e80faffc-79a3-468a-84ae-08ac07163cf7
GE580,1,1,12,1,e8fd5e2f-f26b-4747-bba6-9d0d160ed788
GE580,1,13,12,1,e8fd5e2f-f26b-4747-bba6-9d0d160ed788
BI845,1,1,24,1,e95e12d6-35e1-4ed7-bc74-cea8246e0bff
HI685,1,1,12,1,ea15f775-d54e-4b02-b151-4f48fe9ac20a
HI744,1,1,12,1,ea15f775-d54e-4b02-b151-4f48fe9ac20a
LZ036,1,1,12,1,eaab870d-59a5-461c-9fbc-c4b74e2c31b5
PO944,1,1,12,5,eb31c8ed-26a1-46e4-8def-bb6c55216894
PO944,1,13,12,5,eb31c8ed-26a1-46e4-8def-bb6c55216894
SS568,1,13,12,58,ebaf3490-677c-4be8-a558-9db79bd8f02a
HI632,1,1,12,1,ebd880bd-b482-4408-8116-fbad570fc955
HI725,1,1,12,1,ebd880bd-b482-4408-8116-fbad570fc955
JN501,1,1,24,58,ecaa1653-e1d4-431f-8801-65b1f508517a
SS504,2,1,24,58,ed2b885f-89d7-42c2-b7f0-a8c5e963af92
PL526,1,1,12,1,ee52ce7b-bf22-4d45-9aa0-0d3464710017
PL610,1,1,12,1,ee52ce7b-bf22-4d45-9aa0-0d3464710017
MA533,1,13,12,1,ef638f2b-1ab5-4fc6-9bc6-23711c71ebb2
MA817,1,13,12,1,ef638f2b-1ab5-4fc6-9bc6-23711c71ebb2
TH615,1,1,12,1,ef91322f-8a72-46a6-ab53-cbcee675aa79
TH616,1,1,12,1,ef91322f-8a72-46a6-ab53-cbcee675aa79
PL552,1,13,12,1,f0c52d52-e8bf-4bd2-a0a6-6c733e2b6d35
PL588,1,13,12,1,f0c52d52-e8bf-4bd2-a0a6-6c733e2b6d35
IT508,2,1,24,1,f0cf6aa6-c882-4300-bb43-4b34ca4be9f5
SO617,1,13,12,58,f119d9e8-12d1-48b3-ae22-52e74e8e5547
SS561,1,1,12,58,f2f39b00-431e-4485-94ff-66bb2f758fc8
SS312,3,1,24,58,f30d8912-63fb-4780-bdf9-6256cd008f98
TH597,1,1,12,1,f3fb0d55-623c-4d8c-8d4e-a4a945415072
TH556,1,1,12,1,f3fb0d55-623c-4d8c-8d4e-a4a945415072
HI5023,1,1,12,1,f42f18fe-7e59-428c-b1dc-14aa016ff233
HI5024,1,1,12,1,f42f18fe-7e59-428c-b1dc-14aa016ff233
LW563,1,1,24,1,f6c3ab55-7ef5-4e05-8e51-f100d3967279
LW563,1,1,24,58,f6c3ab55-7ef5-4e05-8e51-f100d3967279
TH624,1,13,12,1,f7203742-512b-443b-a03f-28d0760b40fb
TH625,1,13,12,1,f7203742-512b-443b-a03f-28d0760b40fb
SO534,2,13,12,1,f7a51642-495c-416d-b02b-50c24857ebd9
PHAM1003,3,1,24,58,f7db3fb6-a971-42e2-a1a3-199d5bf6a360
PHAM1003,4,1,24,58,f7db3fb6-a971-42e2-a1a3-199d5bf6a360
LW566,1,13,12,1,f82767d9-7317-4552-ba3d-b4eff5e02bc8
LW566,1,13,12,58,f82767d9-7317-4552-ba3d-b4eff5e02bc8
PL576,1,13,12,1,f88e2270-d331-4a9b-8291-543339e00ba5
PL602,1,13,12,1,f88e2270-d331-4a9b-8291-543339e00ba5
GE566,1,1,12,1,f8a1ad39-4b40-43b5-a1ce-7c266f3f97b2
GE567,1,1,12,1,f8a1ad39-4b40-43b5-a1ce-7c266f3f97b2
SO923,2,1,12,58,f96e7b2e-5c86-4aa7-b7c4-cbe567f7a7cc
LS568,1,1,12,1,f9c1cfe6-bddc-467d-8c0a-ddcfc09b2d0f
LS568,1,13,12,1,f9c1cfe6-bddc-467d-8c0a-ddcfc09b2d0f
CB542,1,1,24,1,fa83c4dd-78e9-4351-938d-3127778a4a05
HI5055,1,13,12,1,fc13ad20-5e58-4823-aa95-bc28a5e38db0
HI5056,1,13,12,1,fc13ad20-5e58-4823-aa95-bc28a5e38db0
PH608,1,13,24,1,fc734b4a-10ed-4d08-94e6-cedad79679fa
MA715,1,1,12,1,fc8d3445-6881-4d2c-b366-2482ce77bf1d
MA820,1,1,12,1,fc8d3445-6881-4d2c-b366-2482ce77bf1d
"PO325 (2013/2014)",1,13,12,1,fdc66c59-f51a-4be5-8ffd-9ba7e3605b5f
PL601,1,1,12,1,fe0183f3-8e11-42ee-b398-c8da312c5691
PL575,1,1,12,1,fe0183f3-8e11-42ee-b398-c8da312c5691
PH611,1,13,24,1,fe301eff-7027-47f4-b126-6c0845f8cd32
PH722,1,1,12,1,fed82023-ebd1-4260-a51e-6fe38c6cecdc
EW120,1,25,19,1,feddf0ab-53bf-4ba9-b7b7-c55fedb9a166
EW118,1,25,13,1,feddf0ab-53bf-4ba9-b7b7-c55fedb9a166
EW119,1,25,6,1,feddf0ab-53bf-4ba9-b7b7-c55fedb9a166
EW116,1,25,4,1,feddf0ab-53bf-4ba9-b7b7-c55fedb9a166
SS556,1,1,24,58,ff25b728-79be-43b3-be84-78f966688049
"CL574 (2013/2014)",1,13,12,1,ff6f67cb-5266-44f6-8b4e-46bc03974fd2
"CL645 (2013/2014)",1,13,12,1,ff6f67cb-5266-44f6-8b4e-46bc03974fd2
HI6009,1,1,12,1,ffa76841-0a1b-4d13-9d73-8ca50c964449
HI6010,1,1,12,1,ffa76841-0a1b-4d13-9d73-8ca50c964449
"FI555 AUT",1,1,12,1,fffaf439-56da-4a9f-89c6-40275abac64c
FI618,1,1,12,1,fffaf439-56da-4a9f-89c6-40275abac64c
